niter;epoch;train_loss;test_loss;min_test_loss
4.0;1.0;0.4854736994912624;0.5397220253944397;0.5397220253944397
8.0;1.0;0.48556396850959915;0.5350056886672974;0.5350056886672974
12.0;1.0;0.4860608699676618;0.5303141474723816;0.5303141474723816
16.0;1.0;0.48816585570734616;0.5256475210189819;0.5256475210189819
20.0;1.0;0.48664734492363004;0.5210570693016052;0.5210570693016052
24.0;1.0;0.48458921130853994;0.5165165662765503;0.5165165662765503
28.0;1.0;0.4838938197470735;0.511984646320343;0.511984646320343
32.0;1.0;0.4831984425254387;0.5074416399002075;0.5074416399002075
36.0;1.0;0.48170469249324904;0.5028783082962036;0.5028783082962036
38.0;1.0;0.48171839408132877;0.5028783082962036;0.5028783082962036
40.0;1.0;0.4808672864048494;0.49829816818237305;0.49829816818237305
44.0;1.0;0.4783434685102215;0.49371907114982605;0.49371907114982605
48.0;1.0;0.4758982446741782;0.48913756012916565;0.48913756012916565
52.0;1.0;0.47353776850227636;0.48454803228378296;0.48454803228378296
56.0;1.0;0.4709546343295233;0.4799817204475403;0.4799817204475403
60.0;1.0;0.46730963873357084;0.4754493236541748;0.4754493236541748
64.0;1.0;0.46578052793331265;0.4709107279777527;0.4709107279777527
68.0;1.0;0.46344960940645086;0.466339647769928;0.466339647769928
72.0;1.0;0.4592528641718885;0.4617968201637268;0.4617968201637268
76.0;1.0;0.4562662792579822;0.4572264850139618;0.4572264850139618
76.0;1.0;0.4562662792579822;0.4572264850139618;0.4572264850139618
80.0;1.0;0.4533538000416446;0.45261842012405396;0.45261842012405396
84.0;1.0;0.44961947231607813;0.4479491412639618;0.4479491412639618
88.0;1.0;0.4463350692671612;0.44325029850006104;0.44325029850006104
92.0;1.0;0.4429612694929842;0.4384858012199402;0.4384858012199402
96.0;1.0;0.43894951227974055;0.43364787101745605;0.43364787101745605
100.0;1.0;0.4345756673665002;0.4286729693412781;0.4286729693412781
104.0;1.0;0.4320714331282924;0.4235690236091614;0.4235690236091614
108.0;1.0;0.42865676721876783;0.41833481192588806;0.41833481192588806
112.0;1.0;0.4253933069805051;0.41297683119773865;0.41297683119773865
116.0;1.0;0.42182591698984184;0.4075528383255005;0.4075528383255005
116.0;1.0;0.42182591698984184;0.4075528383255005;0.4075528383255005
120.0;1.0;0.41747741102915326;0.40207719802856445;0.40207719802856445
124.0;1.0;0.4131505708787599;0.39648813009262085;0.39648813009262085
128.0;1.0;0.40845573388058753;0.39076757431030273;0.39076757431030273
132.0;2.0;0.40488632435815475;0.38489827513694763;0.38489827513694763
136.0;2.0;0.4011152410752559;0.37880387902259827;0.37880387902259827
140.0;2.0;0.39546065346313536;0.3726435899734497;0.3726435899734497
144.0;2.0;0.3904463947024348;0.36646756529808044;0.36646756529808044
148.0;2.0;0.3866068222956334;0.36027735471725464;0.36027735471725464
152.0;2.0;0.3812131371206809;0.3540855050086975;0.3540855050086975
155.0;2.0;0.37705469521902024;0.3540855050086975;0.3540855050086975
156.0;2.0;0.3759946181889532;0.34783947467803955;0.34783947467803955
160.0;2.0;0.37060734180585064;0.34148165583610535;0.34148165583610535
164.0;2.0;0.36523150418946077;0.3350191116333008;0.3350191116333008
168.0;2.0;0.36056525594855404;0.32837551832199097;0.32837551832199097
172.0;2.0;0.35534275074997057;0.3215046525001526;0.3215046525001526
176.0;2.0;0.35023728104580704;0.31432557106018066;0.31432557106018066
180.0;2.0;0.34450930526367696;0.3068831264972687;0.3068831264972687
184.0;2.0;0.33927194623876894;0.29924100637435913;0.29924100637435913
188.0;2.0;0.33332344766681027;0.29142871499061584;0.29142871499061584
192.0;2.0;0.32799894365231613;0.2834528982639313;0.2834528982639313
193.0;2.0;0.32624953525770917;0.2834528982639313;0.2834528982639313
196.0;2.0;0.3211313797711866;0.27542397379875183;0.27542397379875183
200.0;2.0;0.3150984216940452;0.2673279345035553;0.2673279345035553
204.0;2.0;0.308313694530982;0.2591676712036133;0.2591676712036133
208.0;2.0;0.30221755807613115;0.2509753406047821;0.2509753406047821
212.0;2.0;0.2947687223943395;0.2427414059638977;0.2427414059638977
216.0;2.0;0.2880956790791579;0.23447184264659882;0.23447184264659882
220.0;2.0;0.2816073602773202;0.22612574696540833;0.22612574696540833
224.0;2.0;0.27519764507064587;0.21770140528678894;0.21770140528678894
228.0;2.0;0.26814695526755933;0.20931757986545563;0.20931757986545563
232.0;2.0;0.261236055631025;0.20101363956928253;0.20101363956928253
236.0;2.0;0.2551309034973723;0.19270595908164978;0.19270595908164978
236.0;2.0;0.2551309034973723;0.19270595908164978;0.19270595908164978
240.0;2.0;0.24830832436718284;0.18448702991008759;0.18448702991008759
244.0;2.0;0.24114565593255663;0.1764283925294876;0.1764283925294876
248.0;2.0;0.23443910294288434;0.16849057376384735;0.16849057376384735
252.0;2.0;0.22769491197397954;0.16058366000652313;0.16058366000652313
256.0;2.0;0.22063611888279935;0.15284527838230133;0.15284527838230133
260.0;3.0;0.21368712826113787;0.14525963366031647;0.14525963366031647
264.0;3.0;0.20674375850964968;0.13783180713653564;0.13783180713653564
268.0;3.0;0.19960900257296954;0.13060854375362396;0.13060854375362396
272.0;3.0;0.1923456645015772;0.12359185516834259;0.12359185516834259
275.0;3.0;0.1872386957392115;0.12359185516834259;0.12359185516834259
276.0;3.0;0.18544419995758119;0.116785928606987;0.116785928606987
280.0;3.0;0.1783697503708184;0.11022911220788956;0.11022911220788956
284.0;3.0;0.17161083138000746;0.10384198278188705;0.10384198278188705
288.0;3.0;0.16501620632931688;0.09764667600393295;0.09764667600393295
292.0;3.0;0.1583556529914394;0.09168533980846405;0.09168533980846405
296.0;3.0;0.1519291393571024;0.08598455041646957;0.08598455041646957
300.0;3.0;0.1458117461832878;0.08053019642829895;0.08053019642829895
304.0;3.0;0.13959123726245173;0.0753844827413559;0.0753844827413559
308.0;3.0;0.13334979099219024;0.07056352496147156;0.07056352496147156
312.0;3.0;0.1272619533625962;0.06606902927160263;0.06606902927160263
312.0;3.0;0.1272619533625962;0.06606902927160263;0.06606902927160263
316.0;3.0;0.1214060297906403;0.06188405677676201;0.06188405677676201
320.0;3.0;0.11574546565033259;0.057965878397226334;0.057965878397226334
324.0;3.0;0.11030281497452171;0.05435173586010933;0.05435173586010933
328.0;3.0;0.10527151766718429;0.05095887556672096;0.05095887556672096
332.0;3.0;0.10008071040869503;0.04787525534629822;0.04787525534629822
336.0;3.0;0.09506765203924951;0.04511203244328499;0.04511203244328499
340.0;3.0;0.09040765762574952;0.04258756339550018;0.04258756339550018
344.0;3.0;0.08608559568053978;0.04020553454756737;0.04020553454756737
348.0;3.0;0.08175812670337886;0.03804478421807289;0.03804478421807289
352.0;3.0;0.07772958686813361;0.036080993711948395;0.036080993711948395
353.0;3.0;0.07667806883799387;0.036080993711948395;0.036080993711948395
356.0;3.0;0.07377677817738124;0.03433724120259285;0.03433724120259285
360.0;3.0;0.07016533288106591;0.032777007669210434;0.032777007669210434
364.0;3.0;0.06664675820717879;0.03138520196080208;0.03138520196080208
368.0;3.0;0.06342462939408426;0.030117187649011612;0.030117187649011612
372.0;3.0;0.06021638577203675;0.028976157307624817;0.028976157307624817
376.0;3.0;0.05719371582531426;0.02793838270008564;0.02793838270008564
380.0;3.0;0.054418056983838906;0.027011992409825325;0.027011992409825325
384.0;3.0;0.05179370308652316;0.026165101677179337;0.026165101677179337
388.0;4.0;0.04936893275314858;0.025402653962373734;0.025402653962373734
392.0;4.0;0.047056561656488555;0.02470128983259201;0.02470128983259201
394.0;4.0;0.045973170060083175;0.02470128983259201;0.02470128983259201
396.0;4.0;0.04497396145924089;0.02403426542878151;0.02403426542878151
400.0;4.0;0.042973288927961;0.02340434491634369;0.02340434491634369
404.0;4.0;0.04101684680797997;0.022809946909546852;0.022809946909546852
408.0;4.0;0.03923349588141132;0.022242391481995583;0.022242391481995583
412.0;4.0;0.03751419922169018;0.021705497056245804;0.021705497056245804
416.0;4.0;0.03585796595430623;0.021188462153077126;0.021188462153077126
420.0;4.0;0.03439305856829762;0.02068980224430561;0.02068980224430561
424.0;4.0;0.03294652069898964;0.02021227777004242;0.02021227777004242
428.0;4.0;0.031578910309452965;0.01974976807832718;0.01974976807832718
432.0;4.0;0.03025029158475476;0.019307352602481842;0.019307352602481842
435.0;4.0;0.029406960705197258;0.019307352602481842;0.019307352602481842
436.0;4.0;0.029121711024434244;0.018874794244766235;0.018874794244766235
440.0;4.0;0.028055958649489055;0.01844073086977005;0.01844073086977005
444.0;4.0;0.02696939963771416;0.01801281049847603;0.01801281049847603
448.0;4.0;0.025924273760101216;0.017596259713172913;0.017596259713172913
452.0;4.0;0.02488910719641566;0.017194200307130814;0.017194200307130814
456.0;4.0;0.023985587200612765;0.016799384728074074;0.016799384728074074
460.0;4.0;0.02309836098030944;0.016416391357779503;0.016416391357779503
464.0;4.0;0.022316337829159743;0.0160398930311203;0.0160398930311203
468.0;4.0;0.021577056008847937;0.01567583717405796;0.01567583717405796
472.0;4.0;0.02082489828169664;0.01531478576362133;0.01531478576362133
476.0;4.0;0.020053462921850358;0.014958661049604416;0.014958661049604416
476.0;4.0;0.020053462921850358;0.014958661049604416;0.014958661049604416
480.0;4.0;0.019329696077403574;0.01461881771683693;0.01461881771683693
484.0;4.0;0.018685793508524996;0.014289970509707928;0.014289970509707928
488.0;4.0;0.018089737137665183;0.013965538702905178;0.013965538702905178
492.0;4.0;0.01754205979648771;0.013649609871208668;0.013649609871208668
496.0;4.0;0.017001538213433913;0.013337272219359875;0.013337272219359875
500.0;4.0;0.016450371077595727;0.013028796762228012;0.013028796762228012
504.0;4.0;0.01597262766637868;0.012723381631076336;0.012723381631076336
508.0;4.0;0.015435251755322859;0.012424672953784466;0.012424672953784466
508.0;4.0;0.015435251755322859;0.012424672953784466;0.012424672953784466
512.0;4.0;0.0149335275205575;0.012136988341808319;0.012136988341808319
516.0;5.0;0.014470117619515322;0.011851824820041656;0.011851824820041656
520.0;5.0;0.014005627475477995;0.011571193113923073;0.011571193113923073
524.0;5.0;0.013591034133933914;0.011289382353425026;0.011289382353425026
528.0;5.0;0.013149730925218385;0.01100988406687975;0.01100988406687975
532.0;5.0;0.012738582916921226;0.01073900330811739;0.01073900330811739
536.0;5.0;0.012403095100344375;0.010470726527273655;0.010470726527273655
540.0;5.0;0.01206631921443762;0.01020148117095232;0.01020148117095232
544.0;5.0;0.01171454151229272;0.009936277754604816;0.009936277754604816
548.0;5.0;0.011364027311619925;0.009678027592599392;0.009678027592599392
548.0;5.0;0.011364027311619925;0.009678027592599392;0.009678027592599392
552.0;5.0;0.011010644057880875;0.009423444978892803;0.009423444978892803
556.0;5.0;0.010672723679813631;0.00917966477572918;0.00917966477572918
560.0;5.0;0.010350082734199458;0.00895187072455883;0.00895187072455883
564.0;5.0;0.01004753124482481;0.008726581931114197;0.008726581931114197
568.0;5.0;0.009763732524028188;0.008507936261594296;0.008507936261594296
572.0;5.0;0.00944050886552489;0.008291764184832573;0.008291764184832573
576.0;5.0;0.009154213540919541;0.008086035028100014;0.008086035028100014
580.0;5.0;0.008849401641362793;0.007888523861765862;0.007888523861765862
584.0;5.0;0.00858101312708658;0.007694304455071688;0.007694304455071688
588.0;5.0;0.008361144848558806;0.0075053870677948;0.0075053870677948
588.0;5.0;0.008361144848558806;0.0075053870677948;0.0075053870677948
592.0;5.0;0.008104528072043897;0.007326426915824413;0.007326426915824413
596.0;5.0;0.007872487541142722;0.007148862816393375;0.007148862816393375
600.0;5.0;0.007621897657254953;0.006976824253797531;0.006976824253797531
604.0;5.0;0.00739024822421474;0.006814965512603521;0.006814965512603521
608.0;5.0;0.007173943495574371;0.0066532534547150135;0.0066532534547150135
612.0;5.0;0.006941660199826437;0.0064940135926008224;0.0064940135926008224
616.0;5.0;0.006741742431670624;0.006338820327073336;0.006338820327073336
620.0;5.0;0.006541385416709814;0.006190240848809481;0.006190240848809481
624.0;5.0;0.00635158005390889;0.0060447584837675095;0.0060447584837675095
628.0;5.0;0.006161311419847278;0.005908401682972908;0.005908401682972908
628.0;5.0;0.006161311419847278;0.005908401682972908;0.005908401682972908
632.0;5.0;0.005981109343817289;0.005776184611022472;0.005776184611022472
636.0;5.0;0.005804058002913489;0.005653535481542349;0.005653535481542349
640.0;5.0;0.0056279642303793094;0.005537447053939104;0.005537447053939104
644.0;6.0;0.0054874752974151545;0.005424934905022383;0.005424934905022383
648.0;6.0;0.005329202711915384;0.00531183322891593;0.00531183322891593
652.0;6.0;0.005171552439955856;0.0052014123648405075;0.0052014123648405075
656.0;6.0;0.005028252301194174;0.005104567855596542;0.005104567855596542
660.0;6.0;0.004898160991799164;0.005009053274989128;0.005009053274989128
664.0;6.0;0.0047640055069603;0.0049139647744596004;0.0049139647744596004
668.0;6.0;0.004631314830883215;0.004826078191399574;0.004826078191399574
671.0;6.0;0.004532069838896684;0.004826078191399574;0.004826078191399574
672.0;6.0;0.004506258090591118;0.004731441847980022;0.004731441847980022
676.0;6.0;0.0043685480919387065;0.0046398998238146305;0.0046398998238146305
680.0;6.0;0.004265859853123571;0.004553442820906639;0.004553442820906639
684.0;6.0;0.004172401519020962;0.0044761295430362225;0.0044761295430362225
688.0;6.0;0.004069006365048189;0.004399044904857874;0.004399044904857874
692.0;6.0;0.003986718074440177;0.004327188245952129;0.004327188245952129
696.0;6.0;0.0038927767521729417;0.00426194304600358;0.00426194304600358
700.0;6.0;0.003803277930789593;0.004195366054773331;0.004195366054773331
704.0;6.0;0.0037174829067598844;0.004124475177377462;0.004124475177377462
708.0;6.0;0.0036317694939787554;0.004053376615047455;0.004053376615047455
712.0;6.0;0.0035576262741857513;0.003983061760663986;0.003983061760663986
712.0;6.0;0.0035576262741857513;0.003983061760663986;0.003983061760663986
716.0;6.0;0.0034829721052036136;0.003920116927474737;0.003920116927474737
720.0;6.0;0.0034007836372263946;0.0038671952206641436;0.0038671952206641436
724.0;6.0;0.003329986557551726;0.0038197687827050686;0.0038197687827050686
728.0;6.0;0.003251253583920408;0.003769378177821636;0.003769378177821636
732.0;6.0;0.0031882698940283644;0.0037244283594191074;0.0037244283594191074
736.0;6.0;0.003122584998383032;0.003675865475088358;0.003675865475088358
740.0;6.0;0.0030696365452143456;0.0036290332209318876;0.0036290332209318876
744.0;6.0;0.0030136596859433634;0.0035883586388081312;0.0035883586388081312
748.0;6.0;0.002955089863056819;0.0035497257485985756;0.0035497257485985756
752.0;6.0;0.002899091445389969;0.003512931987643242;0.003512931987643242
755.0;6.0;0.0028657643440987905;0.003512931987643242;0.003512931987643242
756.0;6.0;0.002847914140026144;0.0034720615949481726;0.0034720615949481726
760.0;6.0;0.002795361091361244;0.0034275788348168135;0.0034275788348168135
764.0;6.0;0.0027463315589446612;0.0033849203027784824;0.0033849203027784824
768.0;6.0;0.0026987941331844396;0.003343090182170272;0.003343090182170272
772.0;7.0;0.0026552979733555173;0.0033019634429365396;0.0033019634429365396
776.0;7.0;0.0026163223901986693;0.003259723773226142;0.003259723773226142
780.0;7.0;0.0025711798992096545;0.0032254294492304325;0.0032254294492304325
784.0;7.0;0.0025388500972833503;0.003188877133652568;0.003188877133652568
788.0;7.0;0.0024990450849066187;0.0031608447898179293;0.0031608447898179293
792.0;7.0;0.0024617545021443908;0.0031351782381534576;0.0031351782381534576
796.0;7.0;0.002432923801051182;0.0031104562804102898;0.0031104562804102898
796.0;7.0;0.002432923801051182;0.0031104562804102898;0.0031104562804102898
800.0;7.0;0.002398884652613895;0.0030866716988384724;0.0030866716988384724
804.0;7.0;0.0023657907653151715;0.003064177231863141;0.003064177231863141
808.0;7.0;0.0023349065169111756;0.003042718628421426;0.003042718628421426
812.0;7.0;0.0023069754003175887;0.003023463999852538;0.003023463999852538
816.0;7.0;0.002277445406061625;0.0030005164444446564;0.0030005164444446564
820.0;7.0;0.002255031356045143;0.002973716240376234;0.002973716240376234
824.0;7.0;0.0022450672507342414;0.0029541554395109415;0.0029541554395109415
828.0;7.0;0.0022154216359336148;0.0029378151521086693;0.0029378151521086693
832.0;7.0;0.0022014241038798674;0.0029212678782641888;0.0029212678782641888
836.0;7.0;0.002187266891391725;0.0029064961709082127;0.0029064961709082127
840.0;7.0;0.002164995070373967;0.002886879490688443;0.002886879490688443
840.0;7.0;0.002164995070373967;0.002886879490688443;0.002886879490688443
844.0;7.0;0.0021432268623636595;0.002868425566703081;0.002868425566703081
848.0;7.0;0.0021257195659730894;0.0028527998365461826;0.0028527998365461826
852.0;7.0;0.0021121650929457527;0.0028403890319168568;0.0028403890319168568
856.0;7.0;0.0020860435521906574;0.002832937752828002;0.002832937752828002
860.0;7.0;0.00207039633115157;0.0028264133725315332;0.0028264133725315332
864.0;7.0;0.002057015928319082;0.002815400017425418;0.002815400017425418
868.0;7.0;0.002044807791044425;0.002803296782076359;0.002803296782076359
872.0;7.0;0.002024706702818787;0.0027906293980777264;0.0027906293980777264
876.0;7.0;0.0020078141152488414;0.00277529563754797;0.00277529563754797
880.0;7.0;0.0019951493787452486;0.002757938113063574;0.002757938113063574
880.0;7.0;0.0019951493787452486;0.002757938113063574;0.002757938113063574
884.0;7.0;0.0019747930889554136;0.0027378397062420845;0.0027378397062420845
888.0;7.0;0.0019563968042841497;0.0027202393393963575;0.0027202393393963575
892.0;7.0;0.0019432447776072648;0.002708147745579481;0.002708147745579481
896.0;7.0;0.0019396576194285913;0.002698428463190794;0.002698428463190794
900.0;8.0;0.00192173062726313;0.002687932923436165;0.002687932923436165
904.0;8.0;0.0019103813970822415;0.0026756655424833298;0.0026756655424833298
908.0;8.0;0.0018916500757545278;0.0026616330724209547;0.0026616330724209547
912.0;8.0;0.0018742377470246133;0.0026539613027125597;0.0026539613027125597
916.0;8.0;0.0018687407975675125;0.002646063920110464;0.002646063920110464
920.0;8.0;0.001861579062876777;0.0026398056652396917;0.0026398056652396917
924.0;8.0;0.0018463689101275802;0.00263313390314579;0.00263313390314579
924.0;8.0;0.0018463689101275802;0.00263313390314579;0.00263313390314579
928.0;8.0;0.0018397463888643938;0.0026217042468488216;0.0026217042468488216
932.0;8.0;0.00182619144271094;0.0026032233145087957;0.0026032233145087957
936.0;8.0;0.0018267159504648967;0.0025832578539848328;0.0025832578539848328
940.0;8.0;0.001812344066237307;0.0025676332879811525;0.0025676332879811525
944.0;8.0;0.0018028778718511098;0.0025543421506881714;0.0025543421506881714
948.0;8.0;0.0017982645892268981;0.002545395167544484;0.002545395167544484
952.0;8.0;0.0017917278087669097;0.002538330154493451;0.002538330154493451
956.0;8.0;0.0017697123040074506;0.0025299680419266224;0.0025299680419266224
960.0;8.0;0.0017609373446012076;0.0025240443646907806;0.0025240443646907806
964.0;8.0;0.0017575009119756904;0.0025211330503225327;0.0025211330503225327
968.0;8.0;0.0017556751139311138;0.00251540495082736;0.00251540495082736
968.0;8.0;0.0017556751139311138;0.00251540495082736;0.00251540495082736
980.0;8.0;0.001733643178069056;0.002511052181944251;0.002511052181944251
984.0;8.0;0.001726244202867686;0.0025027398951351643;0.0025027398951351643
988.0;8.0;0.0017203021331547862;0.0024860575795173645;0.0024860575795173645
992.0;8.0;0.0017246209735162967;0.0024654665030539036;0.0024654665030539036
996.0;8.0;0.001717198065929136;0.0024428153410553932;0.0024428153410553932
1000.0;8.0;0.0017192981426050915;0.002421008190140128;0.002421008190140128
1004.0;8.0;0.0017159674035781506;0.002411638153716922;0.002411638153716922
1004.0;8.0;0.0017159674035781506;0.002411638153716922;0.002411638153716922
1016.0;8.0;0.0016795408724265327;0.002408587373793125;0.002408587373793125
1020.0;8.0;0.0016819789871650014;0.002404073951765895;0.002404073951765895
1024.0;8.0;0.0016698029015607325;0.00239948951639235;0.00239948951639235
1028.0;9.0;0.0016561884593564084;0.002385172061622143;0.002385172061622143
1032.0;9.0;0.0016468776415282302;0.0023757305461913347;0.0023757305461913347
1036.0;9.0;0.0016379308009966428;0.0023647162597626448;0.0023647162597626448
1040.0;9.0;0.0016355911170141584;0.002350839087739587;0.002350839087739587
1044.0;9.0;0.0016389620070565868;0.002344118896871805;0.002344118896871805
1048.0;9.0;0.0016428713614339353;0.0023377633187919855;0.0023377633187919855
1048.0;9.0;0.0016428713614339353;0.0023377633187919855;0.0023377633187919855
1052.0;9.0;0.0016400782810389602;0.002337520942091942;0.002337520942091942
1056.0;9.0;0.001626800254088903;0.0023344969376921654;0.0023344969376921654
1060.0;9.0;0.0016286009318104062;0.0023326012305915356;0.0023326012305915356
1064.0;9.0;0.0016216555520917957;0.002327793510630727;0.002327793510630727
1068.0;9.0;0.0016119186599819046;0.0023268323857337236;0.0023268323857337236
1080.0;9.0;0.0015884326495264624;0.002321884734556079;0.002321884734556079
1084.0;9.0;0.001581683213077344;0.0023124294821172953;0.0023124294821172953
1088.0;9.0;0.0015703960646044316;0.002301946748048067;0.002301946748048067
1088.0;9.0;0.0015703960646044316;0.002301946748048067;0.002301946748048067
1092.0;9.0;0.001561180436750076;0.0022854029666632414;0.0022854029666632414
1096.0;9.0;0.001557199013350731;0.002269148826599121;0.002269148826599121
1100.0;9.0;0.0015506290335243454;0.002253566635772586;0.002253566635772586
1104.0;9.0;0.0015452073196663668;0.00224002031609416;0.00224002031609416
1108.0;9.0;0.0015433502280270777;0.0022334724199026823;0.0022334724199026823
1112.0;9.0;0.0015414498139919124;0.002225386444479227;0.002225386444479227
1116.0;9.0;0.0015340098610936322;0.0022190718445926905;0.0022190718445926905
1120.0;9.0;0.0015248918756288097;0.0022163940593600273;0.0022163940593600273
1124.0;9.0;0.0015111954149560844;0.0022121528163552284;0.0022121528163552284
1128.0;9.0;0.0015095902013836687;0.0022046901285648346;0.0022046901285648346
1132.0;9.0;0.0014982618085372182;0.002194344298914075;0.002194344298914075
1132.0;9.0;0.0014982618085372182;0.002194344298914075;0.002194344298914075
1136.0;9.0;0.001495062492942518;0.002182084135711193;0.002182084135711193
1140.0;9.0;0.0014874605054877859;0.002175295725464821;0.002175295725464821
1144.0;9.0;0.0014881479311802317;0.002174413064494729;0.002174413064494729
1148.0;9.0;0.0014779026198866614;0.00217105308547616;0.00217105308547616
1152.0;9.0;0.0014585544141219736;0.0021596078295260668;0.0021596078295260668
1156.0;10.0;0.0014528211738814253;0.002144233323633671;0.002144233323633671
1160.0;10.0;0.0014444433054811717;0.00213887682184577;0.00213887682184577
1164.0;10.0;0.0014449662398188321;0.0021337580401450396;0.0021337580401450396
1173.0;10.0;0.0014375239696296485;0.002138145500794053;0.0021337580401450396
1196.0;10.0;0.0014004322313355335;0.002131597138941288;0.002131597138941288
1200.0;10.0;0.0013991551401226613;0.0021176079753786325;0.0021176079753786325
1204.0;10.0;0.0013901689939302632;0.002098468132317066;0.002098468132317066
1208.0;10.0;0.001381982258297367;0.002080446109175682;0.002080446109175682
1212.0;10.0;0.0013801014463164923;0.0020676087588071823;0.0020676087588071823
1213.0;10.0;0.001380196305818344;0.0020676087588071823;0.0020676087588071823
1216.0;10.0;0.001373839015703534;0.002057331148535013;0.002057331148535013
1220.0;10.0;0.0013673214023006356;0.002047429559752345;0.002047429559752345
1224.0;10.0;0.0013594340896297633;0.0020436292979866266;0.0020436292979866266
1228.0;10.0;0.0013605854546417302;0.002039872808381915;0.002039872808381915
1232.0;10.0;0.001358686845652221;0.002031031297519803;0.002031031297519803
1236.0;10.0;0.0013573421792773153;0.0020292059052735567;0.0020292059052735567
1255.0;10.0;0.0013483430620565217;0.0020314117427915335;0.0020292059052735567
1256.0;10.0;0.001345953596340221;0.0020265630446374416;0.0020265630446374416
1272.0;10.0;0.0013293777855829063;0.0020242806058377028;0.0020242806058377028
1276.0;10.0;0.0013195866252579589;0.0020139815751463175;0.0020139815751463175
1280.0;10.0;0.0013102869369372332;0.002006357768550515;0.002006357768550515
1284.0;11.0;0.001301624498652316;0.002001984743401408;0.002001984743401408
1288.0;11.0;0.0012964454846995798;0.0019998333882540464;0.0019998333882540464
1292.0;11.0;0.001293009397973636;0.0019900803454220295;0.0019900803454220295
1293.0;11.0;0.0012910779347091602;0.0019900803454220295;0.0019900803454220295
1296.0;11.0;0.0012850801824789094;0.0019814043771475554;0.0019814043771475554
1300.0;11.0;0.0012810058402045234;0.001972076017409563;0.001972076017409563
1304.0;11.0;0.0012764065962688413;0.0019634778145700693;0.0019634778145700693
1308.0;11.0;0.001271139077802262;0.0019510382553562522;0.0019510382553562522
1312.0;11.0;0.0012674036714461236;0.0019439855823293328;0.0019439855823293328
1316.0;11.0;0.0012543960926182183;0.0019405047642067075;0.0019405047642067075
1336.0;11.0;0.001233397338985527;0.0019417996518313885;0.0019405047642067075
1340.0;11.0;0.0012315893163153983;0.0019341357983648777;0.0019341357983648777
1344.0;11.0;0.0012272791248071852;0.0019244293216615915;0.0019244293216615915
1348.0;11.0;0.0012295305327364844;0.001916400738991797;0.001916400738991797
1352.0;11.0;0.0012340057117795852;0.0019096416654065251;0.0019096416654065251
1360.0;11.0;0.0012327457280410451;0.0019076759926974773;0.0019076759926974773
1364.0;11.0;0.001218794295718237;0.0018999917665496469;0.0018999917665496469
1368.0;11.0;0.0012212575958032987;0.0018964210757985711;0.0018964210757985711
1372.0;11.0;0.0012105600997967267;0.0018902961164712906;0.0018902961164712906
1376.0;11.0;0.0012042559614410678;0.0018831981578841805;0.0018831981578841805
1380.0;11.0;0.0012068680475409278;0.0018835008377209306;0.0018831981578841805
1400.0;11.0;0.0011846503585415972;0.0018807535525411367;0.0018807535525411367
1404.0;11.0;0.0011833913402584707;0.0018754549091681838;0.0018754549091681838
1408.0;11.0;0.001177465730008738;0.0018670645076781511;0.0018670645076781511
1412.0;12.0;0.0011716433125401743;0.0018512994283810258;0.0018512994283810258
1416.0;12.0;0.001171829329313428;0.0018374695209786296;0.0018374695209786296
1420.0;12.0;0.0011689229825547676;0.0018270096043124795;0.0018270096043124795
1420.0;12.0;0.0011689229825547676;0.0018270096043124795;0.0018270096043124795
1424.0;12.0;0.0011667426456099764;0.001819567522034049;0.001819567522034049
1428.0;12.0;0.0011608798052641885;0.001814596587792039;0.001814596587792039
1432.0;12.0;0.001160960883342892;0.0018083780305460095;0.0018083780305460095
1436.0;12.0;0.00115090817942146;0.0017967516323551536;0.0017967516323551536
1440.0;12.0;0.001144769274504198;0.0017860379302874207;0.0017860379302874207
1444.0;12.0;0.0011414857827493246;0.0017819058848544955;0.0017819058848544955
1448.0;12.0;0.0011410981449785584;0.0017818240448832512;0.0017818240448832512
1464.0;12.0;0.00112290028434689;0.0017794833984225988;0.0017794833984225988
1464.0;12.0;0.00112290028434689;0.0017794833984225988;0.0017794833984225988
1468.0;12.0;0.0011128932968365848;0.0017758460016921163;0.0017758460016921163
1472.0;12.0;0.0011146972693741927;0.0017694488633424044;0.0017694488633424044
1476.0;12.0;0.0011113446667773749;0.0017631599912419915;0.0017631599912419915
1480.0;12.0;0.001108072970859001;0.001759290462359786;0.001759290462359786
1484.0;12.0;0.0010985454569836625;0.001758257974870503;0.001758257974870503
1488.0;12.0;0.0010926010112749418;0.001757248304784298;0.001757248304784298
1500.0;12.0;0.0010768517399702355;0.0017550934571772814;0.0017550934571772814
1500.0;12.0;0.0010768517399702355;0.0017550934571772814;0.0017550934571772814
1504.0;12.0;0.0010695380323055934;0.0017539049731567502;0.0017539049731567502
1508.0;12.0;0.0010672711116671964;0.001751247444190085;0.001751247444190085
1512.0;12.0;0.001061943634385636;0.001750483992509544;0.001750483992509544
1516.0;12.0;0.0010531895551053481;0.0017493328778073192;0.0017493328778073192
1520.0;12.0;0.0010476726863041165;0.0017493214691057801;0.0017493214691057801
1544.0;13.0;0.0010228644990015335;0.0017694141715765;0.0017493214691057801
1552.0;13.0;0.0010110141877029792;0.001745761139318347;0.001745761139318347
1556.0;13.0;0.001013554475685669;0.0017331016715615988;0.0017331016715615988
1560.0;13.0;0.0010105061314320972;0.0017301596235483885;0.0017301596235483885
1564.0;13.0;0.0010064361374673043;0.0017280292231589556;0.0017280292231589556
1568.0;13.0;0.0010051327487307414;0.001725572976283729;0.001725572976283729
1572.0;13.0;0.0009920195883369814;0.0017183094751089811;0.0017183094751089811
1576.0;13.0;0.000988823765719962;0.001703498768620193;0.001703498768620193
1580.0;13.0;0.0009884556093561804;0.0016968745039775968;0.0016968745039775968
1584.0;13.0;0.000984537922510281;0.0016910311533138156;0.0016910311533138156
1584.0;13.0;0.000984537922510281;0.0016910311533138156;0.0016910311533138156
1588.0;13.0;0.0009802463374035428;0.0016888940008357167;0.0016888940008357167
1592.0;13.0;0.0009757459914546849;0.0016839364543557167;0.0016839364543557167
1596.0;13.0;0.0009694781320523172;0.001681906171143055;0.001681906171143055
1600.0;13.0;0.0009589449986422859;0.0016744992462918162;0.0016744992462918162
1604.0;13.0;0.0009561266489489101;0.001665488351136446;0.001665488351136446
1608.0;13.0;0.0009513166377684961;0.0016562023665755987;0.0016562023665755987
1612.0;13.0;0.0009521376441634017;0.0016502664657309651;0.0016502664657309651
1616.0;13.0;0.0009515341727314603;0.001647825469262898;0.001647825469262898
1628.0;13.0;0.0009448757328642189;0.0016519009368494153;0.001647825469262898
1652.0;13.0;0.0009221401556663657;0.0016417654696851969;0.0016417654696851969
1656.0;13.0;0.00091848091722106;0.0016377957072108984;0.0016377957072108984
1668.0;14.0;0.0009074271973780685;0.001644227304495871;0.0016377957072108984
1676.0;14.0;0.0008973445090841076;0.001631120452657342;0.001631120452657342
1680.0;14.0;0.0008901329785507148;0.0016234550857916474;0.0016234550857916474
1684.0;14.0;0.0008859361494945593;0.0016134289326146245;0.0016134289326146245
1688.0;14.0;0.0008829982339795929;0.0016071381978690624;0.0016071381978690624
1712.0;14.0;0.0008634001083214495;0.0016165724955499172;0.0016071381978690624
1716.0;14.0;0.000856736030110245;0.0015988887753337622;0.0015988887753337622
1720.0;14.0;0.0008564546971883507;0.0015910894144326448;0.0015910894144326448
1724.0;14.0;0.0008515628376278107;0.0015857849502936006;0.0015857849502936006
1756.0;14.0;0.000833442082048001;0.001573984045535326;0.001573984045535326
1756.0;14.0;0.000833442082048001;0.001573984045535326;0.001573984045535326
1760.0;14.0;0.0008305757671512582;0.001561612356454134;0.001561612356454134
1764.0;14.0;0.000830939409155772;0.0015581682091578841;0.0015581682091578841
1797.0;15.0;0.0007956974944737925;0.0015693849418312311;0.0015581682091578841
1832.0;15.0;0.0007632166341378589;0.001550609478726983;0.001550609478726983
1836.0;15.0;0.0007647718627670711;0.0015439525013789535;0.0015439525013789535
1840.0;15.0;0.000766878679858029;0.0015475413529202342;0.0015439525013789535
1868.0;15.0;0.0007442087989469181;0.0015418392140418291;0.0015418392140418291
1872.0;15.0;0.0007431792236168801;0.0015307643916457891;0.0015307643916457891
1876.0;15.0;0.0007423403413985151;0.00152792246080935;0.00152792246080935
1880.0;15.0;0.0007377826111515296;0.0015258288476616144;0.0015258288476616144
1882.0;15.0;0.0007324589210026323;0.0015258288476616144;0.0015258288476616144
1884.0;15.0;0.0007315066216884905;0.0015176073648035526;0.0015176073648035526
1888.0;15.0;0.0007282809196152336;0.0015136866131797433;0.0015136866131797433
1924.0;16.0;0.0007052906966637306;0.0015196689637377858;0.0015136866131797433
1936.0;16.0;0.0006929823890253642;0.0015118455048650503;0.0015118455048650503
1940.0;16.0;0.0006990121253180898;0.0015030264621600509;0.0015030264621600509
1944.0;16.0;0.0006994217454076794;0.0015029869973659515;0.0015029869973659515
1968.0;16.0;0.0006862745085362379;0.001521492376923561;0.0015029869973659515
2004.0;16.0;0.0006515751512079228;0.0015083065954968333;0.0015029869973659515
2008.0;16.0;0.0006506529867083913;0.0015026491601020098;0.0015026491601020098
2012.0;16.0;0.0006476018927992835;0.0014982757857069373;0.0014982757857069373
2036.0;16.0;0.0006255783217777562;0.0014972740318626165;0.0014972740318626165
2040.0;16.0;0.0006242459858271682;0.0014854568289592862;0.0014854568289592862
2044.0;16.0;0.0006185155228954209;0.001472865347750485;0.001472865347750485
2044.0;16.0;0.0006185155228954209;0.001472865347750485;0.001472865347750485
2076.0;17.0;0.0006028032717034082;0.0014721419429406524;0.0014721419429406524
2080.0;17.0;0.0006021040951480898;0.0014712497359141707;0.0014712497359141707
2088.0;17.0;0.0005966604090984843;0.001477546407841146;0.0014712497359141707
2130.0;17.0;0.0005726544168103478;0.0014935653889551759;0.0014712497359141707
2172.0;17.0;0.0005542828783183376;0.001469522132538259;0.001469522132538259
2172.0;17.0;0.0005542828783183376;0.001469522132538259;0.001469522132538259
2180.0;18.0;0.0005534198536280401;0.0014673335244879127;0.0014673335244879127
2184.0;18.0;0.0005461236390215449;0.0014656325802206993;0.0014656325802206993
2188.0;18.0;0.0005449647986038547;0.0014629819197580218;0.0014629819197580218
2192.0;18.0;0.0005440283232997678;0.0014558604452759027;0.0014558604452759027
2196.0;18.0;0.0005466961422329891;0.0014502366539090872;0.0014502366539090872
2212.0;18.0;0.0005377374598813504;0.0014717463636770844;0.0014502366539090872
2256.0;18.0;0.0005159826538299884;0.001458396203815937;0.0014502366539090872
2300.0;18.0;0.0004960291382870503;0.001489064423367381;0.0014502366539090872
2344.0;19.0;0.0004790835861888223;0.0014472227776423097;0.0014472227776423097
2344.0;19.0;0.0004790835861888223;0.0014472227776423097;0.0014472227776423097
2348.0;19.0;0.000479802997414422;0.0014392302837222815;0.0014392302837222815
2385.0;19.0;0.0004647218621597891;0.0014798418851569295;0.0014392302837222815
2429.0;19.0;0.00045556146288881045;0.0014672838151454926;0.0014392302837222815
2444.0;20.0;0.0004512779573593261;0.0014316539745777845;0.0014316539745777845
2472.0;20.0;0.0004385536066652501;0.0014495173236355186;0.0014316539745777845
2510.0;20.0;0.00043125487657478905;0.0014566858299076557;0.0014316539745777845
2552.0;20.0;0.00041802936883576493;0.0014358748449012637;0.0014316539745777845
2596.0;21.0;0.0004114203120312433;0.001444511697627604;0.0014316539745777845
2600.0;21.0;0.00041074910408999906;0.0014310817932710052;0.0014310817932710052
2604.0;21.0;0.0004112184347609371;0.0014168572379276156;0.0014168572379276156
2608.0;21.0;0.00041009206191688577;0.0014147795736789703;0.0014147795736789703
2640.0;21.0;0.00039679362354756736;0.001463010092265904;0.0014147795736789703
2683.0;21.0;0.00038275340059095694;0.0014522847486659884;0.0014147795736789703
2725.0;22.0;0.0003779583148820663;0.0014470068272203207;0.0014147795736789703
2768.0;22.0;0.0003722762736191128;0.001431889715604484;0.0014147795736789703
2796.0;22.0;0.0003659701627110919;0.0014129497576504946;0.0014129497576504946
2800.0;22.0;0.0003638531296084992;0.001406559837050736;0.001406559837050736
2812.0;22.0;0.0003617082262575355;0.0014498368836939335;0.001406559837050736
2856.0;23.0;0.00035182114160964485;0.0014137016842141747;0.001406559837050736
2884.0;23.0;0.0003515627013678715;0.0013999738730490208;0.0013999738730490208
2897.0;23.0;0.00035049274510041636;0.001409844495356083;0.0013999738730490208
2936.0;23.0;0.0003416550463678295;0.0013985686236992478;0.0013985686236992478
2940.0;23.0;0.00033957612460027597;0.0013986187987029552;0.0013985686236992478
2944.0;23.0;0.0003395966271715867;0.0013955460162833333;0.0013955460162833333
2956.0;24.0;0.000338306269682809;0.0013925536768510938;0.0013925536768510938
2980.0;24.0;0.0003381478481440682;0.0014142600120976567;0.0013925536768510938
2988.0;24.0;0.00033571218385772126;0.001379216555505991;0.001379216555505991
2992.0;24.0;0.0003357001884216836;0.0013769002398476005;0.0013769002398476005
3017.0;24.0;0.0003289341589034549;0.0014092756900936365;0.0013769002398476005
3056.0;24.0;0.0003261997451762793;0.001369438599795103;0.001369438599795103
3060.0;24.0;0.00032585561161308294;0.001367609715089202;0.001367609715089202
3060.0;24.0;0.00032585561161308294;0.001367609715089202;0.001367609715089202
3101.0;25.0;0.0003170060365479677;0.001377391628921032;0.001367609715089202
3116.0;25.0;0.0003173193037600825;0.0013637777883559465;0.0013637777883559465
3136.0;25.0;0.0003145527595834806;0.0013529016869142652;0.0013529016869142652
3144.0;25.0;0.00031366531301638356;0.0013714531669393182;0.0013529016869142652
3184.0;25.0;0.0003121860063445245;0.0013511563884094357;0.0013511563884094357
3185.0;25.0;0.0003119413743885722;0.0013511563884094357;0.0013511563884094357
3188.0;25.0;0.0003116184165174208;0.0013444842770695686;0.0013444842770695686
3208.0;26.0;0.00030693149654468463;0.0013345000334084034;0.0013345000334084034
3228.0;26.0;0.00030326630618200527;0.0013627968728542328;0.0013345000334084034
3240.0;26.0;0.0003005489252418578;0.0013172393664717674;0.0013172393664717674
3244.0;26.0;0.0002985955053562192;0.0013132354943081737;0.0013132354943081737
3248.0;26.0;0.000299409389958992;0.0013105544494464993;0.0013105544494464993
3272.0;26.0;0.00029951572248065807;0.0013405048521235585;0.0013105544494464993
3312.0;26.0;0.0002959609735823037;0.001366573735140264;0.0013105544494464993
3332.0;27.0;0.00029267030306967697;0.0013073257869109511;0.0013073257869109511
3354.0;27.0;0.0002926979555174769;0.0013224069261923432;0.0013073257869109511
3368.0;27.0;0.00028950341993100407;0.0012978112790733576;0.0012978112790733576
3372.0;27.0;0.0002917469973889334;0.0012899782741442323;0.0012899782741442323
3376.0;27.0;0.0002910532379446652;0.0012891734950244427;0.0012891734950244427
3392.0;27.0;0.00028445142991357;0.0012835008092224598;0.0012835008092224598
3396.0;27.0;0.0002831566222932108;0.0012898825807496905;0.0012835008092224598
3404.0;27.0;0.00028169264333871926;0.001278772484511137;0.001278772484511137
3408.0;27.0;0.0002818848766381494;0.0012760957470163703;0.0012760957470163703
3437.0;27.0;0.000279417389177309;0.0013041659258306026;0.0012760957470163703
3480.0;28.0;0.00027765541949353986;0.001275537651963532;0.001275537651963532
3480.0;28.0;0.00027765541949353986;0.001275537651963532;0.001275537651963532
3516.0;28.0;0.00027251352801072135;0.0012896812986582518;0.001275537651963532
3552.0;28.0;0.00027158369630162665;0.0012692506425082684;0.0012692506425082684
3556.0;28.0;0.00027147946828375957;0.0012839013943448663;0.0012692506425082684
3568.0;28.0;0.0002668317829825128;0.0012579592876136303;0.0012579592876136303
3572.0;28.0;0.0002666924636617171;0.0012346572475507855;0.0012346572475507855
3576.0;28.0;0.00026636683936300806;0.0012262037489563227;0.0012262037489563227
3600.0;29.0;0.00026824321755477664;0.0012638634070754051;0.0012262037489563227
3644.0;29.0;0.0002654055941514072;0.0012427298352122307;0.0012262037489563227
3664.0;29.0;0.0002630311765721753;0.0012191807618364692;0.0012191807618364692
3668.0;29.0;0.00026207886638283874;0.00121766934171319;0.00121766934171319
3688.0;29.0;0.0002598734768235018;0.001260173972696066;0.00121766934171319
3732.0;30.0;0.0002507055573375327;0.0012448804918676615;0.00121766934171319
3768.0;30.0;0.00024832214026469833;0.0012176596792414784;0.0012176596792414784
3773.0;30.0;0.00024941351411041947;0.00122565939091146;0.0012176596792414784
3780.0;30.0;0.00024835130203954524;0.0012105440255254507;0.0012105440255254507
3784.0;30.0;0.00024843842906972725;0.001192085212096572;0.001192085212096572
3816.0;30.0;0.00024826496352786876;0.0012429538182914257;0.001192085212096572
3856.0;31.0;0.0002506547946224174;0.0012275006156414747;0.001192085212096572
3888.0;31.0;0.00024983534490975046;0.0011918910313397646;0.0011918910313397646
3892.0;31.0;0.00024947345193263097;0.0011904698330909014;0.0011904698330909014
3900.0;31.0;0.00024973084611669194;0.0012180513003841043;0.0011904698330909014
3928.0;31.0;0.00024365658790476518;0.0011766935931518674;0.0011766935931518674
3932.0;31.0;0.00024371109054692103;0.0011742247734218836;0.0011742247734218836
3943.0;31.0;0.00024267260251006217;0.0011955013033002615;0.0011742247734218836
3944.0;31.0;0.00024261985523337638;0.001172667252831161;0.001172667252831161
3948.0;31.0;0.0002424244363273093;0.0011672853725031018;0.0011672853725031018
3984.0;32.0;0.00024135720963862852;0.0011612029047682881;0.0011612029047682881
3984.0;32.0;0.00024135720963862852;0.0011612029047682881;0.0011612029047682881
3988.0;32.0;0.00024120212713535347;0.0011575769167393446;0.0011575769167393446
4020.0;32.0;0.00023465519072557326;0.0011715488508343697;0.0011575769167393446
4064.0;32.0;0.00023212046888847527;0.00118197628762573;0.0011575769167393446
4096.0;32.0;0.00023199759175128104;0.0011535455705597997;0.0011535455705597997
4108.0;33.0;0.000233123182845406;0.0011633489048108459;0.0011535455705597997
4136.0;33.0;0.00023216206509211866;0.0011502658016979694;0.0011502658016979694
4148.0;33.0;0.0002298652891426834;0.0011575823882594705;0.0011502658016979694
4156.0;33.0;0.00023055740244701947;0.0011395779438316822;0.0011395779438316822
4160.0;33.0;0.00022990968633792007;0.0011272650444880128;0.0011272650444880128
4192.0;33.0;0.00022509932594321752;0.0011364300735294819;0.0011272650444880128
4204.0;33.0;0.00022378009789091345;0.0011243084445595741;0.0011243084445595741
4208.0;33.0;0.00022330602293798915;0.001120605506002903;0.001120605506002903
4236.0;34.0;0.00022343139010440997;0.001155466539785266;0.001120605506002903
4260.0;34.0;0.0002206542044842;0.001111976453103125;0.001111976453103125
4272.0;34.0;0.00022079384876082605;0.001106939627788961;0.001106939627788961
4280.0;34.0;0.0002199404681245309;0.0011232559336349368;0.001106939627788961
4288.0;34.0;0.00021894797378279031;0.0011030675377696753;0.0011030675377696753
4324.0;34.0;0.00022135376647050692;0.0011588478228077292;0.0011030675377696753
4348.0;34.0;0.00021654200686082255;0.0010991094168275595;0.0010991094168275595
4352.0;34.0;0.00021739712258481175;0.001091629033908248;0.001091629033908248
4365.0;35.0;0.00021519524154369236;0.0011190865188837051;0.001091629033908248
4408.0;35.0;0.00021130217929702942;0.0011070577893406153;0.001091629033908248
4416.0;35.0;0.0002120488749539628;0.0010886983945965767;0.0010886983945965767
4420.0;35.0;0.00021238622236273888;0.001067170174792409;0.001067170174792409
4444.0;35.0;0.00021251873466173745;0.0010615563951432705;0.0010615563951432705
4452.0;35.0;0.00021093728472150306;0.0011064994614571333;0.0010615563951432705
4493.0;36.0;0.00021148198677478392;0.001109691453166306;0.0010615563951432705
4532.0;36.0;0.0002107566575624523;0.0010959565406665206;0.0010615563951432705
4573.0;36.0;0.00020683164964082135;0.0010869260877370834;0.0010615563951432705
4600.0;36.0;0.00020502640575048218;0.0010615187929943204;0.0010615187929943204
4604.0;36.0;0.00020570223588836504;0.0010315619874745607;0.0010315619874745607
4616.0;37.0;0.00020641284007777956;0.0010646373266354203;0.0010315619874745607
4658.0;37.0;0.00020294838707555772;0.0010617258958518505;0.0010315619874745607
4664.0;37.0;0.000202092228314543;0.0010222787968814373;0.0010222787968814373
4700.0;37.0;0.00020026653977749538;0.0010622047120705247;0.0010222787968814373
4744.0;38.0;0.00019897724400002025;0.001058325287885964;0.0010222787968814373
4756.0;38.0;0.00019786099144232774;0.0010191902983933687;0.0010191902983933687
4776.0;38.0;0.0001979191431384455;0.0009999724570661783;0.0009999724570661783
4788.0;38.0;0.00019721871946730898;0.001050907769240439;0.0009999724570661783
4828.0;38.0;0.0001945671542922902;0.0009899050928652287;0.0009899050928652287
4832.0;38.0;0.00019239846597527612;0.0010024254443123937;0.0009899050928652287
4872.0;39.0;0.00019304474912239152;0.0010356417624279857;0.0009899050928652287
4916.0;39.0;0.00019268528965001448;0.0010803536279127002;0.0009899050928652287
4944.0;39.0;0.00019317496229942635;0.0009847901528701186;0.0009847901528701186
4960.0;39.0;0.00019308412459850913;0.0010338372085243464;0.0009847901528701186
4976.0;39.0;0.0001930492727788697;0.0009622839279472828;0.0009622839279472828
5003.0;40.0;0.0001902291192964463;0.0010373215191066265;0.0009622839279472828
5039.0;40.0;0.00019003549308426726;0.0010096147889271379;0.0009622839279472828
5080.0;40.0;0.00018950429538643597;0.000996079295873642;0.0009622839279472828
5124.0;41.0;0.00018514664979586985;0.0010099598439410329;0.0009622839279472828
5167.0;41.0;0.00018397839047935703;0.001018274575471878;0.0009622839279472828
5200.0;41.0;0.00018251410202298055;0.0009588961838744581;0.0009588961838744581
5212.0;41.0;0.00018083901503263857;0.0009799280669540167;0.0009588961838744581
5254.0;42.0;0.00018082965687830888;0.0010269128251820803;0.0009588961838744581
5296.0;42.0;0.00017794757047027407;0.0009990199469029903;0.0009588961838744581
5332.0;42.0;0.00017888350348985765;0.0009575407020747662;0.0009575407020747662
5340.0;42.0;0.00018034171652121463;0.000980104086920619;0.0009575407020747662
5344.0;42.0;0.00018018148858640564;0.000934423238504678;0.000934423238504678
5384.0;43.0;0.00018058401336155697;0.0009588065440766513;0.000934423238504678
5428.0;43.0;0.00017737363662363888;0.0009697294444777071;0.000934423238504678
5448.0;43.0;0.00017696980756208805;0.0009313042392022908;0.0009313042392022908
5470.0;43.0;0.00017515439355904634;0.0009775477228686213;0.0009313042392022908
5496.0;43.0;0.00017470776312100843;0.0009286235435865819;0.0009286235435865819
5512.0;44.0;0.0001723976074162175;0.0009438815177418292;0.0009286235435865819
5552.0;44.0;0.0001703253228972806;0.0009477034327574074;0.0009286235435865819
5593.0;44.0;0.00017217497112217468;0.0009470165823586285;0.0009286235435865819
5636.0;45.0;0.00016992343797473522;0.0009410037891939282;0.0009286235435865819
5652.0;45.0;0.0001679285229800804;0.0009193863370455801;0.0009193863370455801
5676.0;45.0;0.00016753052566799464;0.0009149117395281792;0.0009149117395281792
5678.0;45.0;0.00016833913805294474;0.0009149117395281792;0.0009149117395281792
5680.0;45.0;0.00016776859315188774;0.0009132353006862104;0.0009132353006862104
5708.0;45.0;0.0001668766171134141;0.0009024892933666706;0.0009024892933666706
5720.0;45.0;0.00016670970623170462;0.0009430301142856479;0.0009024892933666706
5760.0;45.0;0.00016568056963019262;0.0009475520346313715;0.0009024892933666706
5772.0;46.0;0.0001660266101871074;0.0008989553316496313;0.0008989553316496313
5804.0;46.0;0.0001642202964348318;0.0009398396359756589;0.0008989553316496313
5848.0;46.0;0.00016340273532410173;0.0009127451339736581;0.0008989553316496313
5872.0;46.0;0.00016301007015940742;0.0008868291042745113;0.0008868291042745113
5892.0;47.0;0.00016406167690309777;0.0009197273175232112;0.0008868291042745113
5936.0;47.0;0.00016190694156188872;0.0009432900114916265;0.0008868291042745113
5956.0;47.0;0.00016076520559439234;0.0008848685538396239;0.0008848685538396239
5979.0;47.0;0.00016116952747080354;0.0009120024624280632;0.0008848685538396239
5996.0;47.0;0.00016091891367233616;0.0008782377117313445;0.0008782377117313445
6024.0;48.0;0.00015971055234778088;0.0009405117016285658;0.0008782377117313445
6063.0;48.0;0.00015923092464963345;0.000893689866643399;0.0008782377117313445
6096.0;48.0;0.0001580519204953171;0.0008740584016777575;0.0008740584016777575
6108.0;48.0;0.00015836130157743692;0.0008928354945965111;0.0008740584016777575
6152.0;49.0;0.000157974042823565;0.0009208137053065002;0.0008740584016777575
6156.0;49.0;0.00015748890645779807;0.0008740199846215546;0.0008740199846215546
6160.0;49.0;0.00015743075089850311;0.0008609670912846923;0.0008609670912846923
6196.0;49.0;0.0001566871944368155;0.0009021362056955695;0.0008609670912846923
6200.0;49.0;0.00015622919743412176;0.0008403121028095484;0.0008403121028095484
6240.0;49.0;0.0001557354103647995;0.00088354671606794;0.0008403121028095484
6284.0;50.0;0.00015380553383352954;0.0009335478534922004;0.0008403121028095484
6332.0;50.0;0.00015203114623268588;0.0008849696023389697;0.0008403121028095484
6376.0;50.0;0.00015260705875728774;0.0008932158816605806;0.0008403121028095484
6420.0;51.0;0.00015293228551785528;0.0008648627554066479;0.0008403121028095484
6464.0;51.0;0.00015015452083588107;0.0008695636061020195;0.0008403121028095484
6488.0;51.0;0.0001507586459956581;0.0008296191226691008;0.0008296191226691008
6508.0;51.0;0.0001506003606873588;0.0008642669999971986;0.0008296191226691008
6540.0;52.0;0.00015040959445878025;0.0008294606814160943;0.0008294606814160943
6552.0;52.0;0.00015131705426413657;0.0008830216247588396;0.0008294606814160943
6591.0;52.0;0.00014950130143398518;0.0008857540087774396;0.0008294606814160943
6608.0;52.0;0.00014877032159629582;0.0008226492791436613;0.0008226492791436613
6633.0;52.0;0.0001484435270691142;0.000860522617585957;0.0008226492791436613
6677.0;53.0;0.0001478151353904242;0.0008403616957366467;0.0008226492791436613
6724.0;53.0;0.00014598371565736627;0.0008728422108106315;0.0008226492791436613
6728.0;53.0;0.00014672509839503314;0.0008114650845527649;0.0008114650845527649
6767.0;53.0;0.0001486743999507894;0.0008697683806531131;0.0008114650845527649
6811.0;54.0;0.00014622096027234633;0.000828398042358458;0.0008114650845527649
6856.0;54.0;0.00014458650623323333;0.0008475055801682174;0.0008114650845527649
6900.0;54.0;0.00013909281497870068;0.0008544554584659636;0.0008114650845527649
6944.0;55.0;0.0001418529730897619;0.0008542007417418063;0.0008114650845527649
6984.0;55.0;0.0001404857597850304;0.0008472927729599178;0.0008114650845527649
6996.0;55.0;0.00014001554397832282;0.0007965877302922308;0.0007965877302922308
7028.0;55.0;0.00013917736986227886;0.0008525650482624769;0.0007965877302922308
7072.0;56.0;0.00014108833896620736;0.0008562678121961653;0.0007965877302922308
7112.0;56.0;0.00014131957926359216;0.0008719718316569924;0.0007965877302922308
7120.0;56.0;0.00014161697486198482;0.000793362851254642;0.000793362851254642
7154.0;56.0;0.0001403187386734684;0.0008324452210217714;0.000793362851254642
7196.0;57.0;0.00014059658699361278;0.0008582714945077896;0.000793362851254642
7240.0;57.0;0.00013861263632800988;0.0008028781739994884;0.000793362851254642
7284.0;57.0;0.0001352565617435564;0.0008583803428336978;0.000793362851254642
7328.0;58.0;0.00013518949797674553;0.0008684719214215875;0.000793362851254642
7372.0;58.0;0.0001355368664008684;0.0007948685088194907;0.000793362851254642
7416.0;58.0;0.0001336192279084288;0.0008005204726941884;0.000793362851254642
7440.0;59.0;0.0001344939873944225;0.0007688620244152844;0.0007688620244152844
7456.0;59.0;0.0001351621954008724;0.0008062104461714625;0.0007688620244152844
7460.0;59.0;0.00013535242607483355;0.0007572649046778679;0.0007572649046778679
7500.0;59.0;0.0001329074711695737;0.0008254735730588436;0.0007572649046778679
7540.0;59.0;0.00013223378188733598;0.0008279031026177108;0.0007572649046778679
7584.0;60.0;0.00013078915266330184;0.0008178098360076547;0.0007572649046778679
7620.0;60.0;0.00013088417475054506;0.0008099691476672888;0.0007572649046778679
7660.0;60.0;0.0001314365173936163;0.0008218876901082695;0.0007572649046778679
7704.0;61.0;0.00012977265807798924;0.0008752082358114421;0.0007572649046778679
7750.0;61.0;0.0001279860311622112;0.0008327121031470597;0.0007572649046778679
7796.0;61.0;0.0001276534213012854;0.00079871661728248;0.0007572649046778679
7840.0;62.0;0.00012911888399883188;0.0008496366790495813;0.0007572649046778679
7885.0;62.0;0.00012996205095697577;0.000787400349508971;0.0007572649046778679
7931.0;62.0;0.0001291264028623932;0.0007996446220204234;0.0007572649046778679
7975.0;63.0;0.00012832600722947958;0.0008333378355018795;0.0007572649046778679
8016.0;63.0;0.00012748434549018505;0.0008298388565890491;0.0007572649046778679
8061.0;63.0;0.00012569219772067225;0.0007938434137031436;0.0007572649046778679
8108.0;64.0;0.00012623612345527565;0.0007958064670674503;0.0007572649046778679
8148.0;64.0;0.0001253328464292991;0.0008170711225830019;0.0007572649046778679
8156.0;64.0;0.0001257634422553751;0.0007558253710158169;0.0007558253710158169
8192.0;64.0;0.0001255823158805833;0.0007716030813753605;0.0007558253710158169
8236.0;65.0;0.00012277284469969612;0.0007817266741767526;0.0007558253710158169
8280.0;65.0;0.00012373377625962524;0.0007829352980479598;0.0007558253710158169
8324.0;66.0;0.00012214682826953212;0.0008221541647799313;0.0007558253710158169
8368.0;66.0;0.00012140012695634716;0.0008300087065435946;0.0007558253710158169
8412.0;66.0;0.00012183817714296677;0.0008341858629137278;0.0007558253710158169
8456.0;67.0;0.00011973074049813299;0.0008096968522295356;0.0007558253710158169
8468.0;67.0;0.00012144986005664862;0.0007506348774768412;0.0007506348774768412
8500.0;67.0;0.00011996017902186413;0.0008286144584417343;0.0007506348774768412
8544.0;67.0;0.00012140065124672984;0.0007782023749314249;0.0007506348774768412
8588.0;68.0;0.00011908241019769495;0.0008106280001811683;0.0007506348774768412
8632.0;68.0;0.00011810878957323053;0.0007849703542888165;0.0007506348774768412
8672.0;68.0;0.00011906468859455988;0.0007898813928477466;0.0007506348774768412
8716.0;69.0;0.00011857678229977422;0.0007672375650145113;0.0007506348774768412
8760.0;69.0;0.00011765839601578285;0.0007905938546173275;0.0007506348774768412
8802.0;69.0;0.00011706295376421845;0.0008143385057337582;0.0007506348774768412
8844.0;70.0;0.00011532717560511719;0.0007980022928677499;0.0007506348774768412
8890.0;70.0;0.00011558981080963889;0.0007671730127185583;0.0007506348774768412
8896.0;70.0;0.00011652033468992016;0.0007431075791828334;0.0007431075791828334
8934.0;70.0;0.00011559004547353764;0.0007952322484925389;0.0007431075791828334
8944.0;70.0;0.0001156195975532817;0.0007305279723368585;0.0007305279723368585
8976.0;71.0;0.00011509517832488044;0.0007935843314044178;0.0007305279723368585
9020.0;71.0;0.00011459135071209253;0.0007218405371531844;0.0007218405371531844
9020.0;71.0;0.00011459135071209253;0.0007218405371531844;0.0007218405371531844
9060.0;71.0;0.00011536464378536546;0.0007961348164826632;0.0007218405371531844
9104.0;72.0;0.00011552354904018723;0.0008112787618301809;0.0007218405371531844
9148.0;72.0;0.00011425037950517827;0.0007648617611266673;0.0007218405371531844
9184.0;72.0;0.00011318089615130129;0.000813257007393986;0.0007218405371531844
9227.0;73.0;0.00011229872339419988;0.0008046364528127015;0.0007218405371531844
9244.0;73.0;0.00011242825243056576;0.0007200862746685743;0.0007200862746685743
9268.0;73.0;0.00011293804505464438;0.0008102469728328288;0.0007200862746685743
9312.0;73.0;0.00011334243094101613;0.0008027497678995132;0.0007200862746685743
9356.0;74.0;0.00011104783594698927;0.0008144939201883972;0.0007200862746685743
9399.0;74.0;0.00011015837266498862;0.0008191238739527762;0.0007200862746685743
9442.0;74.0;0.00011185659562338137;0.0007859320030547678;0.0007200862746685743
9448.0;74.0;0.00011152622196431904;0.0007123931427486241;0.0007123931427486241
9488.0;75.0;0.000112029980788949;0.0007510273717343807;0.0007123931427486241
9532.0;75.0;0.00010855559230028302;0.0007881737546995282;0.0007123931427486241
9576.0;75.0;0.00010926694219961964;0.0007983550312928855;0.0007123931427486241
9620.0;76.0;0.00010867495618392759;0.0007659801049157977;0.0007123931427486241
9662.0;76.0;0.00010944485335008483;0.0007478220504708588;0.0007123931427486241
9700.0;76.0;0.00010945446747579007;0.0007781370659358799;0.0007123931427486241
9742.0;77.0;0.00010761940399891959;0.0008110582130029798;0.0007123931427486241
9785.0;77.0;0.00010854732198157269;0.0007818315643817186;0.0007123931427486241
9829.0;77.0;0.00010740131027442982;0.0007376060239039361;0.0007123931427486241
9876.0;78.0;0.0001058464146610302;0.0007654454675503075;0.0007123931427486241
9919.0;78.0;0.00010501458963192851;0.0007608303567394614;0.0007123931427486241
9964.0;78.0;0.00010579739828943129;0.0007738331914879382;0.0007123931427486241
10008.0;79.0;0.0001054396651084591;0.0008028746233321726;0.0007123931427486241
10052.0;79.0;0.00010682823860096639;0.0007698467234149575;0.0007123931427486241
10096.0;79.0;0.00010609653936311826;0.0008306056261062622;0.0007123931427486241
10140.0;80.0;0.00010520990901437822;0.0008173183305189013;0.0007123931427486241
10184.0;80.0;0.00010473128880096686;0.0008433905313722789;0.0007123931427486241
10220.0;80.0;0.00010416523958366609;0.0007776530110277236;0.0007123931427486241
10264.0;81.0;0.00010216247278262834;0.0007807381334714592;0.0007123931427486241
10308.0;81.0;0.00010344742468334363;0.0007630505133420229;0.0007123931427486241
10350.0;81.0;0.00010312839965537053;0.0008067205781117082;0.0007123931427486241
10392.0;82.0;0.00010280123327207823;0.0007803261396475136;0.0007123931427486241
10436.0;82.0;0.00010251778239447653;0.0008197437273338437;0.0007123931427486241
10480.0;82.0;0.00010285277102243165;0.0008075898513197899;0.0007123931427486241
10520.0;83.0;0.0001044827295609615;0.000797129818238318;0.0007123931427486241
10564.0;83.0;0.00010409142810416143;0.0008079690160229802;0.0007123931427486241
10606.0;83.0;0.00010244404079003949;0.0008381037623621523;0.0007123931427486241
10648.0;84.0;0.00010180806316575848;0.0008108066977001727;0.0007123931427486241
10692.0;84.0;0.00010044919127428168;0.000791089900303632;0.0007123931427486241
10728.0;84.0;9.998971990078304e-05;0.0007950327126309276;0.0007123931427486241
10772.0;85.0;9.915302247900282e-05;0.0008023146074265242;0.0007123931427486241
10812.0;85.0;9.918531109416533e-05;0.0008378124912269413;0.0007123931427486241
10856.0;85.0;9.998163015806046e-05;0.0007769971271045506;0.0007123931427486241
10900.0;86.0;0.00010060007762895388;0.0008065002621151507;0.0007123931427486241
10944.0;86.0;0.00010021645003474586;0.0007795108249410987;0.0007123931427486241
10987.0;86.0;9.994578552009527e-05;0.0008235971326939762;0.0007123931427486241
11028.0;87.0;0.00010032079573946639;0.0007590160239487886;0.0007123931427486241
11072.0;87.0;9.940840688545305e-05;0.0008052634075284004;0.0007123931427486241
11114.0;87.0;9.66876478493788e-05;0.0008242861949838698;0.0007123931427486241
11156.0;88.0;9.815228470822094e-05;0.0008267505909316242;0.0007123931427486241
11200.0;88.0;9.720740037955872e-05;0.0007465542876161635;0.0007123931427486241
11237.0;88.0;9.740893214434764e-05;0.0007745447219349444;0.0007123931427486241
11280.0;89.0;9.74139575534244e-05;0.0008653672412037849;0.0007123931427486241
11324.0;89.0;9.652902032073676e-05;0.0008266708464361727;0.0007123931427486241
11368.0;89.0;9.747911299366973e-05;0.0007605000282637775;0.0007123931427486241
11411.0;90.0;9.766223232433333e-05;0.000778130313847214;0.0007123931427486241
11452.0;90.0;9.841960791701109e-05;0.0007988910074345767;0.0007123931427486241
11496.0;90.0;9.517917374121318e-05;0.000771557679399848;0.0007123931427486241
11540.0;91.0;9.556115834558673e-05;0.0007851765840314329;0.0007123931427486241
11580.0;91.0;9.517416824766979e-05;0.000844634894747287;0.0007123931427486241
11624.0;91.0;9.547166093861431e-05;0.0007722718873992562;0.0007123931427486241
11668.0;92.0;9.441537705749163e-05;0.0007004359504207969;0.0007004359504207969
11668.0;92.0;9.441537705749163e-05;0.0007004359504207969;0.0007004359504207969
11712.0;92.0;9.422460852540166e-05;0.0008063929853960872;0.0007004359504207969
11748.0;92.0;9.264189531065829e-05;0.0007321775774471462;0.0007004359504207969
11792.0;93.0;9.151817958372907e-05;0.0008078350801952183;0.0007004359504207969
11835.0;93.0;9.359807619745012e-05;0.0008035438368096948;0.0007004359504207969
11876.0;93.0;9.513512625384222e-05;0.0007960658404044807;0.0007004359504207969
11920.0;94.0;9.416368750963765e-05;0.0008066206355579197;0.0007004359504207969
11962.0;94.0;9.314197931291668e-05;0.0007823579362593591;0.0007004359504207969
12004.0;94.0;9.456469100932096e-05;0.0007543772226199508;0.0007004359504207969
12048.0;95.0;9.311987435569985e-05;0.0006922647007741034;0.0006922647007741034
12048.0;95.0;9.311987435569985e-05;0.0006922647007741034;0.0006922647007741034
12092.0;95.0;9.347761910672263e-05;0.0007839162135496736;0.0006922647007741034
12136.0;95.0;9.221803628246456e-05;0.0008066410664469004;0.0006922647007741034
12176.0;96.0;9.226952380343869e-05;0.0008245402714237571;0.0006922647007741034
12220.0;96.0;9.241884445267811e-05;0.0007937838672660291;0.0006922647007741034
12260.0;96.0;9.304595116395848e-05;0.0007796291029080749;0.0006922647007741034
12304.0;97.0;9.268556950969556e-05;0.00076231051934883;0.0006922647007741034
12348.0;97.0;9.201710678722262e-05;0.0007587714353576303;0.0006922647007741034
12388.0;97.0;9.093760463826333e-05;0.0008073201752267778;0.0006922647007741034
12432.0;98.0;9.077458044801308e-05;0.0007708723424002528;0.0006922647007741034
12476.0;98.0;9.122503001417351e-05;0.0007850255933590233;0.0006922647007741034
12520.0;98.0;9.006475867604137e-05;0.0008126404718495905;0.0006922647007741034
12568.0;99.0;8.981924995036447e-05;0.0007531394367106259;0.0006922647007741034
12612.0;99.0;8.93914724411166e-05;0.000745716446544975;0.0006922647007741034
12656.0;99.0;8.931629116722658e-05;0.0007862722268328071;0.0006922647007741034
12704.0;100.0;9.046662823126943e-05;0.0008117106044664979;0.0006922647007741034
12748.0;100.0;8.813118236616128e-05;0.000802161346655339;0.0006922647007741034
12788.0;100.0;8.704915832758333e-05;0.0007938786293379962;0.0006922647007741034
12834.0;101.0;8.822495937101919e-05;0.0007931750151328743;0.0006922647007741034
12880.0;101.0;8.886260835578132e-05;0.0007959437207318842;0.0006922647007741034
12924.0;101.0;9.057020646738061e-05;0.0008249066886492074;0.0006922647007741034
12968.0;102.0;8.970750179535441e-05;0.0008295152802020311;0.0006922647007741034
13012.0;102.0;8.956705914253332e-05;0.0007791153038851917;0.0006922647007741034
13056.0;102.0;8.996408416382094e-05;0.0007561696693301201;0.0006922647007741034
13102.0;103.0;8.948874124023051e-05;0.0007812880794517696;0.0006922647007741034
13148.0;103.0;8.806508038534968e-05;0.0007825134671293199;0.0006922647007741034
13192.0;104.0;8.855113417166868e-05;0.0008352639270015061;0.0006922647007741034
13238.0;104.0;8.827693921551053e-05;0.0008085238514468074;0.0006922647007741034
13281.0;104.0;8.775534036137498e-05;0.0007376413559541106;0.0006922647007741034
13320.0;105.0;8.795360860176165e-05;0.0007739932625554502;0.0006922647007741034
13366.0;105.0;8.723855673393495e-05;0.0008119578124023974;0.0006922647007741034
13412.0;105.0;8.67881044577369e-05;0.000784554285928607;0.0006922647007741034
13456.0;106.0;8.651746598681539e-05;0.0007981343078427017;0.0006922647007741034
13500.0;106.0;8.540977444712185e-05;0.000792621576692909;0.0006922647007741034
13544.0;106.0;8.599489406498541e-05;0.0008044281858019531;0.0006922647007741034
13588.0;107.0;8.635007300780543e-05;0.0008480662363581359;0.0006922647007741034
13632.0;107.0;8.641601424337575e-05;0.0008082251879386604;0.0006922647007741034
13676.0;107.0;8.670586665810176e-05;0.0007638224633410573;0.0006922647007741034
13718.0;108.0;8.708130788177204e-05;0.0008457003859803081;0.0006922647007741034
13764.0;108.0;8.548673175545471e-05;0.0008359362254850566;0.0006922647007741034
13808.0;108.0;8.427220262135265e-05;0.000810578465461731;0.0006922647007741034
13848.0;109.0;8.436608514536764e-05;0.0007908223196864128;0.0006922647007741034
13893.0;109.0;8.520954993626336e-05;0.0007951449952088296;0.0006922647007741034
13940.0;109.0;8.564813199325895e-05;0.0007957748603075743;0.0006922647007741034
13981.0;110.0;8.42033826866595e-05;0.0008456956129521132;0.0006922647007741034
14026.0;110.0;8.401842989589505e-05;0.0007873753202147782;0.0006922647007741034
14072.0;110.0;8.310754047153964e-05;0.0007694544037804008;0.0006922647007741034
14116.0;111.0;8.219563571191065e-05;0.0008095584926195443;0.0006922647007741034
14161.0;111.0;8.128882646937124e-05;0.000780394475441426;0.0006922647007741034
14208.0;111.0;8.193872989420917e-05;0.0008433255716226995;0.0006922647007741034
14252.0;112.0;8.28219037715313e-05;0.0007632425404153764;0.0006922647007741034
14297.0;112.0;8.194976552092654e-05;0.0007889132830314338;0.0006922647007741034
14341.0;113.0;8.19879843356229e-05;0.0007789027877151966;0.0006922647007741034
14380.0;113.0;8.231721002393694e-05;0.0007709783385507762;0.0006922647007741034
14420.0;113.0;8.141302997069585e-05;0.0008372791926376522;0.0006922647007741034
14464.0;113.0;8.285709502728514e-05;0.0007574002956971526;0.0006922647007741034
14508.0;114.0;8.38775610667903e-05;0.0007748868665657938;0.0006922647007741034
14552.0;114.0;8.534182480043823e-05;0.0007835717988200486;0.0006922647007741034
14595.0;115.0;8.405436558259274e-05;0.0007769185467623174;0.0006922647007741034
14638.0;115.0;8.251569572405364e-05;0.0007955586770549417;0.0006922647007741034
14681.0;115.0;8.233568317673394e-05;0.0007733979728072882;0.0006922647007741034
14726.0;116.0;8.161460322546419e-05;0.0008183025638572872;0.0006922647007741034
14772.0;116.0;8.243143851359146e-05;0.0008051720215007663;0.0006922647007741034
14816.0;116.0;8.090960721768716e-05;0.0008311724523082376;0.0006922647007741034
